#,Name,Type 1,Type 2,Total,HP,Attack,Defense,Sp. Atk,Sp. Def,Speed,Generation,Legendary
1,Bulbasaur,Grass,Poison,150,45,49,49,65,65,45,1,False
2,Ivysaur,Grass,Poison,150,60,62,63,80,80,60,1,False
3,Venusaur,Grass,Poison,150,80,82,83,100,100,80,1,False
4,Charmander,Fire,,150,39,52,43,60,50,65,1,False
5,Charmeleon,Fire,,150,58,64,58,80,65,80,1,False
6,Charizard,Fire,Flying,150,78,84,78,109,85,100,1,False
7,Squirtle,Water,,150,44,48,65,50,64,43,1,False
8,Wartortle,Water,,150,59,63,80,65,80,58,1,False
9,Blastoise,Water,,150,79,83,100,85,105,78,1,False
10,Caterpie,Bug,,150,45,30,35,20,20,45,1,False
11,Metapod,Bug,,150,50,20,55,25,25,30,1,False
12,Butterfree,Bug,Flying,150,60,45,50,90,80,70,1,False
13,Weedle,Bug,Poison,150,40,35,30,20,20,50,1,False
14,Kakuna,Bug,Poison,150,45,25,50,25,25,35,1,False
15,Beedrill,Bug,Poison,150,65,90,40,45,80,75,1,False
16,Pidgey,Normal,Flying,150,40,45,40,35,35,56,1,False
17,Pidgeotto,Normal,Flying,150,63,60,55,50,50,71,1,False
18,Pidgeot,Normal,Flying,150,83,80,75,70,70,101,1,False
19,Rattata,Normal,,150,30,56,35,25,35,72,1,False
20,Raticate,Normal,,150,55,81,60,50,70,97,1,False
21,Spearow,Normal,Flying,150,40,60,30,31,31,70,1,False
22,Fearow,Normal,Flying,150,65,90,65,61,61,100,1,False
23,Ekans,Poison,,150,35,60,44,40,54,55,1,False
24,Arbok,Poison,,150,60,95,69,65,79,80,1,False
25,Pikachu,Electric,,150,35,55,40,50,50,90,1,False
26,Raichu,Electric,,150,60,90,55,90,80,110,1,False
27,Sandshrew,Ground,,150,50,75,85,20,30,40,1,False
28,Sandslash,Ground,,150,75,100,110,45,55,65,1,False
29,Nidoran-F,Poison,,150,55,47,52,40,40,41,1,False
30,Nidorina,Poison,,150,70,62,67,55,55,56,1,False
31,Nidoqueen,Poison,Ground,150,90,92,87,75,85,76,1,False
32,Nidoran-M,Poison,,150,46,57,40,40,40,50,1,False
33,Nidorino,Poison,,150,61,72,57,55,55,65,1,False
34,Nidoking,Poison,Ground,150,81,102,77,85,75,85,1,False
35,CleFairy,Fairy,,150,70,45,48,60,65,35,1,False
36,Clefable,Fairy,,150,95,70,73,95,90,60,1,False
37,Vulpix,Fire,,150,38,41,40,50,65,65,1,False
38,Ninetales,Fire,,150,73,76,75,81,100,100,1,False
39,Jigglypuff,Normal,Fairy,150,115,45,20,45,25,20,1,False
40,Wigglytuff,Normal,Fairy,150,140,70,45,85,50,45,1,False
41,Zubat,Poison,Flying,150,40,45,35,30,40,55,1,False
42,Golbat,Poison,Flying,150,75,80,70,65,75,90,1,False
43,Oddish,Grass,Poison,150,45,50,55,75,65,30,1,False
44,Gloom,Grass,Poison,150,60,65,70,85,75,40,1,False
45,Vileplume,Grass,Poison,150,75,80,85,110,90,50,1,False
46,Paras,Bug,Grass,150,35,70,55,45,55,25,1,False
47,Parasect,Bug,Grass,150,60,95,80,60,80,30,1,False
48,Venonat,Bug,Poison,150,60,55,50,40,55,45,1,False
49,Venomoth,Bug,Poison,150,70,65,60,90,75,90,1,False
50,Diglett,Ground,,150,10,55,25,35,45,95,1,False
51,Dugtrio,Ground,,150,35,100,50,50,70,120,1,False
52,Meowth,Normal,,150,40,45,35,40,40,90,1,False
53,Persian,Normal,,150,65,70,60,65,65,115,1,False
54,Psyduck,Water,,150,50,52,48,65,50,55,1,False
55,Golduck,Water,,150,80,82,78,95,80,85,1,False
56,Mankey,Fighting,,150,40,80,35,35,45,70,1,False
57,Primeape,Fighting,,150,65,105,60,60,70,95,1,False
58,Growlithe,Fire,,150,55,70,45,70,50,60,1,False
59,Arcanine,Fire,,150,90,110,80,100,80,95,1,False
60,Poliwag,Water,,150,40,50,40,40,40,90,1,False
61,Poliwhirl,Water,,150,65,65,65,50,50,90,1,False
62,Poliwrath,Water,Fighting,150,90,95,95,70,90,70,1,False
63,Abra,Psychic,,150,25,20,15,105,55,90,1,False
64,Kadabra,Psychic,,150,40,35,30,120,70,105,1,False
65,Alakazam,Psychic,,150,55,50,45,135,95,120,1,False
66,Machop,Fighting,,150,70,80,50,35,35,35,1,False
67,Machoke,Fighting,,150,80,100,70,50,60,45,1,False
68,Machamp,Fighting,,150,90,130,80,65,85,55,1,False
69,Bellsprout,Grass,Poison,150,50,75,35,70,30,40,1,False
70,Weepinbell,Grass,Poison,150,65,90,50,85,45,55,1,False
71,Victreebel,Grass,Poison,150,80,105,65,100,70,70,1,False
72,Tentacool,Water,Poison,150,40,40,35,50,100,70,1,False
73,Tentacruel,Water,Poison,150,80,70,65,80,120,100,1,False
74,Geodude,Rock,Ground,150,40,80,100,30,30,20,1,False
75,Graveler,Rock,Ground,150,55,95,115,45,45,35,1,False
76,Golem,Rock,Ground,150,80,120,130,55,65,45,1,False
77,Ponyta,Fire,,150,50,85,55,65,65,90,1,False
78,Rapidash,Fire,,150,65,100,70,80,80,105,1,False
79,Slowpoke,Water,Psychic,150,90,65,65,40,40,15,1,False
80,Slowbro,Water,Psychic,150,95,75,110,100,80,30,1,False
81,Magnemite,Electric,Steel,150,25,35,70,95,55,45,1,False
82,Magneton,Electric,Steel,150,50,60,95,120,70,70,1,False
83,Farfetchd,Normal,Flying,150,52,90,55,58,62,60,1,False
84,Doduo,Normal,Flying,150,35,85,45,35,35,75,1,False
85,Dodrio,Normal,Flying,150,60,110,70,60,60,110,1,False
86,Seel,Water,,150,65,45,55,45,70,45,1,False
87,Dewgong,Water,Ice,150,90,70,80,70,95,70,1,False
88,Grimer,Poison,,150,80,80,50,40,50,25,1,False
89,Muk,Poison,,150,105,105,75,65,100,50,1,False
90,Shellder,Water,,150,30,65,100,45,25,40,1,False
91,Cloyster,Water,Ice,150,50,95,180,85,45,70,1,False
92,Gastly,Ghost,Poison,150,30,35,30,100,35,80,1,False
93,Haunter,Ghost,Poison,150,45,50,45,115,55,95,1,False
94,Gengar,Ghost,Poison,150,60,65,60,130,75,110,1,False
95,Onix,Rock,Ground,150,35,45,160,30,45,70,1,False
96,Drowzee,Psychic,,150,60,48,45,43,90,42,1,False
97,Hypno,Psychic,,150,85,73,70,73,115,67,1,False
98,Krabby,Water,,150,30,105,90,25,25,50,1,False
99,Kingler,Water,,150,55,130,115,50,50,75,1,False
100,Voltorb,Electric,,150,40,30,50,55,55,100,1,False
101,Electrode,Electric,,150,60,50,70,80,80,150,1,False
102,Exeggcute,Grass,Psychic,150,60,40,80,60,45,40,1,False
103,Exeggutor,Grass,Psychic,150,95,95,85,125,75,55,1,False
104,Cubone,Ground,,150,50,50,95,40,50,35,1,False
105,Marowak,Ground,,150,60,80,110,50,80,45,1,False
106,Hitmonlee,Fighting,,150,50,120,53,35,110,87,1,False
107,Hitmonchan,Fighting,,150,50,105,79,35,110,76,1,False
108,Lickitung,Normal,,150,90,55,75,60,75,30,1,False
109,Koffing,Poison,,150,40,65,95,60,45,35,1,False
110,Weezing,Poison,,150,65,90,120,85,70,60,1,False
111,Rhyhorn,Ground,Rock,150,80,85,95,30,30,25,1,False
112,Rhydon,Ground,Rock,150,105,130,120,45,45,40,1,False
113,Chansey,Normal,,150,250,5,5,35,105,50,1,False
114,Tangela,Grass,,150,65,55,115,100,40,60,1,False
115,Kangaskhan,Normal,,150,105,95,80,40,80,90,1,False
116,Horsea,Water,,150,30,40,70,70,25,60,1,False
117,Seadra,Water,,150,55,65,95,95,45,85,1,False
118,Goldeen,Water,,150,45,67,60,35,50,63,1,False
119,Seaking,Water,,150,80,92,65,65,80,68,1,False
120,Staryu,Water,,150,30,45,55,70,55,85,1,False
121,Starmie,Water,Psychic,150,60,75,85,100,85,115,1,False
122,Mr-Mime,Psychic,Fairy,150,40,45,65,100,120,90,1,False
123,Scyther,Bug,Flying,150,70,110,80,55,80,105,1,False
124,Jynx,Ice,Psychic,150,65,50,35,115,95,95,1,False
125,Electabuzz,Electric,,150,65,83,57,95,85,105,1,False
126,Magmar,Fire,,150,65,95,57,100,85,93,1,False
127,Pinsir,Bug,,150,65,125,100,55,70,85,1,False
128,Tauros,Normal,,150,75,100,95,40,70,110,1,False
129,Magikarp,Water,,150,20,10,55,15,20,80,1,False
130,Gyarados,Water,Flying,150,95,125,79,60,100,81,1,False
131,Lapras,Water,Ice,150,130,85,80,85,95,60,1,False
132,Ditto,Normal,,150,48,48,48,48,48,48,1,False
133,Eevee,Normal,,150,55,55,50,45,65,55,1,False
134,Vaporeon,Water,,150,130,65,60,110,95,65,1,False
135,Jolteon,Electric,,150,65,65,60,110,95,130,1,False
136,Flareon,Fire,,150,65,130,60,95,110,65,1,False
137,Porygon,Normal,,150,65,60,70,85,75,40,1,False
138,Omanyte,Rock,Water,150,35,40,100,90,55,35,1,False
139,Omastar,Rock,Water,150,70,60,125,115,70,55,1,False
140,Kabuto,Rock,Water,150,30,80,90,55,45,55,1,False
141,Kabutops,Rock,Water,150,60,115,105,65,70,80,1,False
142,Aerodactyl,Rock,Flying,150,80,105,65,60,75,130,1,False
143,Snorlax,Normal,,150,160,110,65,65,110,30,1,False
144,Articuno,Ice,Flying,150,90,85,100,95,125,85,1,True
145,Zapdos,Electric,Flying,150,90,90,85,125,90,100,1,True
146,Moltres,Fire,Flying,150,90,100,90,125,85,90,1,True
147,Dratini,Dragon,,150,41,64,45,50,50,50,1,False
148,Dragonair,Dragon,,150,61,84,65,70,70,70,1,False
149,Dragonite,Dragon,Flying,150,91,134,95,100,100,80,1,False
150,Mewtwo,Psychic,,150,106,110,90,154,90,130,1,True
151,Mew,Psychic,,150,100,100,100,100,100,100,1,False
152,Chikorita,Grass,,150,45,49,65,49,65,45,2,False
153,Bayleef,Grass,,150,60,62,80,63,80,60,2,False
154,Meganium,Grass,,150,80,82,100,83,100,80,2,False
155,Cyndaquil,Fire,,150,39,52,43,60,50,65,2,False
156,Quilava,Fire,,150,58,64,58,80,65,80,2,False
157,Typhlosion,Fire,,150,78,84,78,109,85,100,2,False
158,Totodile,Water,,150,50,65,64,44,48,43,2,False
159,Croconaw,Water,,150,65,80,80,59,63,58,2,False
160,Feraligatr,Water,,150,85,105,100,79,83,78,2,False
161,Sentret,Normal,,150,35,46,34,35,45,20,2,False
162,Furret,Normal,,150,85,76,64,45,55,90,2,False
163,Hoothoot,Normal,Flying,150,60,30,30,36,56,50,2,False
164,Noctowl,Normal,Flying,150,100,50,50,86,96,70,2,False
165,Ledyba,Bug,Flying,150,40,20,30,40,80,55,2,False
166,Ledian,Bug,Flying,150,55,35,50,55,110,85,2,False
167,Spinarak,Bug,Poison,150,40,60,40,40,40,30,2,False
168,Ariados,Bug,Poison,150,70,90,70,60,70,40,2,False
169,Crobat,Poison,Flying,150,85,90,80,70,80,130,2,False
170,Chinchou,Water,Electric,150,75,38,38,56,56,67,2,False
171,Lanturn,Water,Electric,150,125,58,58,76,76,67,2,False
172,Pichu,Electric,,150,20,40,15,35,35,60,2,False
173,Cleffa,Fairy,,150,50,25,28,45,55,15,2,False
174,Igglybuff,Normal,Fairy,150,90,30,15,40,20,15,2,False
175,Togepi,Fairy,,150,35,20,65,40,65,20,2,False
176,Togetic,Fairy,Flying,150,55,40,85,80,105,40,2,False
177,Natu,Psychic,Flying,150,40,50,45,70,45,70,2,False
178,Xatu,Psychic,Flying,150,65,75,70,95,70,95,2,False
179,Mareep,Electric,,150,55,40,40,65,45,35,2,False
180,Flaaffy,Electric,,150,70,55,55,80,60,45,2,False
181,Ampharos,Electric,,150,90,75,85,115,90,55,2,False
182,Bellossom,Grass,,150,75,80,95,90,100,50,2,False
183,Marill,Water,Fairy,150,70,20,50,20,50,40,2,False
184,Azumarill,Water,Fairy,150,100,50,80,60,80,50,2,False
185,Sudowoodo,Rock,,150,70,100,115,30,65,30,2,False
186,Politoed,Water,,150,90,75,75,90,100,70,2,False
187,Hoppip,Grass,Flying,150,35,35,40,35,55,50,2,False
188,Skiploom,Grass,Flying,150,55,45,50,45,65,80,2,False
189,Jumpluff,Grass,Flying,150,75,55,70,55,95,110,2,False
190,Aipom,Normal,,150,55,70,55,40,55,85,2,False
191,Sunkern,Grass,,150,30,30,30,30,30,30,2,False
192,Sunflora,Grass,,150,75,75,55,105,85,30,2,False
193,Yanma,Bug,Flying,150,65,65,45,75,45,95,2,False
194,Wooper,Water,Ground,150,55,45,45,25,25,15,2,False
195,Quagsire,Water,Ground,150,95,85,85,65,65,35,2,False
196,Espeon,Psychic,,150,65,65,60,130,95,110,2,False
197,Umbreon,Dark,,150,95,65,110,60,130,65,2,False
198,Murkrow,Dark,Flying,150,60,85,42,85,42,91,2,False
199,Slowking,Water,Psychic,150,95,75,80,100,110,30,2,False
200,Misdreavus,Ghost,,150,60,60,60,85,85,85,2,False
201,Unown,Psychic,,150,48,72,48,72,48,48,2,False
202,Wobbuffet,Psychic,,150,190,33,58,33,58,33,2,False
203,Girafarig,Normal,Psychic,150,70,80,65,90,65,85,2,False
204,Pineco,Bug,,150,50,65,90,35,35,15,2,False
205,Forretress,Bug,Steel,150,75,90,140,60,60,40,2,False
206,Dunsparce,Normal,,150,100,70,70,65,65,45,2,False
207,Gligar,Ground,Flying,150,65,75,105,35,65,85,2,False
208,Steelix,Steel,Ground,150,75,85,200,55,65,30,2,False
209,Snubbull,Fairy,,150,60,80,50,40,40,30,2,False
210,Granbull,Fairy,,150,90,120,75,60,60,45,2,False
211,Qwilfish,Water,Poison,150,65,95,85,55,55,85,2,False
212,Scizor,Bug,Steel,150,70,130,100,55,80,65,2,False
213,Shuckle,Bug,Rock,150,20,10,230,10,230,5,2,False
214,Heracross,Bug,Fighting,150,80,125,75,40,95,85,2,False
215,Sneasel,Dark,Ice,150,55,95,55,35,75,115,2,False
216,Teddiursa,Normal,,150,60,80,50,50,50,40,2,False
217,Ursaring,Normal,,150,90,130,75,75,75,55,2,False
218,Slugma,Fire,,150,40,40,40,70,40,20,2,False
219,Magcargo,Fire,Rock,150,60,50,120,90,80,30,2,False
220,Swinub,Ice,Ground,150,50,50,40,30,30,50,2,False
221,Piloswine,Ice,Ground,150,100,100,80,60,60,50,2,False
222,Corsola,Water,Rock,150,65,55,95,65,95,35,2,False
223,Remoraid,Water,,150,35,65,35,65,35,65,2,False
224,Octillery,Water,,150,75,105,75,105,75,45,2,False
225,Delibird,Ice,Flying,150,45,55,45,65,45,75,2,False
226,Mantine,Water,Flying,150,85,40,70,80,140,70,2,False
227,Skarmory,Steel,Flying,150,65,80,140,40,70,70,2,False
228,Houndour,Dark,Fire,150,45,60,30,80,50,65,2,False
229,Houndoom,Dark,Fire,150,75,90,50,110,80,95,2,False
230,Kingdra,Water,Dragon,150,75,95,95,95,95,85,2,False
231,Phanpy,Ground,,150,90,60,60,40,40,40,2,False
232,Donphan,Ground,,150,90,120,120,60,60,50,2,False
233,Porygon2,Normal,,150,85,80,90,105,95,60,2,False
234,Stantler,Normal,,150,73,95,62,85,65,85,2,False
235,Smeargle,Normal,,150,55,20,35,20,45,75,2,False
236,Tyrogue,Fighting,,150,35,35,35,35,35,35,2,False
237,Hitmontop,Fighting,,150,50,95,95,35,110,70,2,False
238,Smoochum,Ice,Psychic,150,45,30,15,85,65,65,2,False
239,Elekid,Electric,,150,45,63,37,65,55,95,2,False
240,Magby,Fire,,150,45,75,37,70,55,83,2,False
241,Miltank,Normal,,150,95,80,105,40,70,100,2,False
242,Blissey,Normal,,150,255,10,10,75,135,55,2,False
243,Raikou,Electric,,150,90,85,75,115,100,115,2,True
244,Entei,Fire,,150,115,115,85,90,75,100,2,True
245,Suicune,Water,,150,100,75,115,90,115,85,2,True
246,Larvitar,Rock,Ground,150,50,64,50,45,50,41,2,False
247,Pupitar,Rock,Ground,150,70,84,70,65,70,51,2,False
248,Tyranitar,Rock,Dark,150,100,134,110,95,100,61,2,False
249,Lugia,Psychic,Flying,150,106,90,130,90,154,110,2,True
250,Ho-Oh,Fire,Flying,150,106,130,90,110,154,90,2,True
251,Celebi,Psychic,Grass,150,100,100,100,100,100,100,2,False
252,Treecko,Grass,,150,40,45,35,65,55,70,3,False
253,Grovyle,Grass,,150,50,65,45,85,65,95,3,False
254,Sceptile,Grass,,150,70,85,65,105,85,120,3,False
255,Torchic,Fire,,150,45,60,40,70,50,45,3,False
256,Combusken,Fire,Fighting,150,60,85,60,85,60,55,3,False
257,Blaziken,Fire,Fighting,150,80,120,70,110,70,80,3,False
258,Mudkip,Water,,150,50,70,50,50,50,40,3,False
259,Marshtomp,Water,Ground,150,70,85,70,60,70,50,3,False
260,Swampert,Water,Ground,150,100,110,90,85,90,60,3,False
261,Poochyena,Dark,,150,35,55,35,30,30,35,3,False
262,Mightyena,Dark,,150,70,90,70,60,60,70,3,False
263,Zigzagoon,Normal,,150,38,30,41,30,41,60,3,False
264,Linoone,Normal,,150,78,70,61,50,61,100,3,False
265,Wurmple,Bug,,150,45,45,35,20,30,20,3,False
266,Silcoon,Bug,,150,50,35,55,25,25,15,3,False
267,Beautifly,Bug,Flying,150,60,70,50,100,50,65,3,False
268,Cascoon,Bug,,150,50,35,55,25,25,15,3,False
269,Dustox,Bug,Poison,150,60,50,70,50,90,65,3,False
270,Lotad,Water,Grass,150,40,30,30,40,50,30,3,False
271,Lombre,Water,Grass,150,60,50,50,60,70,50,3,False
272,Ludicolo,Water,Grass,150,80,70,70,90,100,70,3,False
273,Seedot,Grass,,150,40,40,50,30,30,30,3,False
274,Nuzleaf,Grass,Dark,150,70,70,40,60,40,60,3,False
275,Shiftry,Grass,Dark,150,90,100,60,90,60,80,3,False
276,Taillow,Normal,Flying,150,40,55,30,30,30,85,3,False
277,Swellow,Normal,Flying,150,60,85,60,75,50,125,3,False
278,Wingull,Water,Flying,150,40,30,30,55,30,85,3,False
279,Pelipper,Water,Flying,150,60,50,100,95,70,65,3,False
280,Ralts,Psychic,Fairy,150,28,25,25,45,35,40,3,False
281,Kirlia,Psychic,Fairy,150,38,35,35,65,55,50,3,False
282,Gardevoir,Psychic,Fairy,150,68,65,65,125,115,80,3,False
283,Surskit,Bug,Water,150,40,30,32,50,52,65,3,False
284,Masquerain,Bug,Flying,150,70,60,62,100,82,80,3,False
285,Shroomish,Grass,,150,60,40,60,40,60,35,3,False
286,Breloom,Grass,Fighting,150,60,130,80,60,60,70,3,False
287,Slakoth,Normal,,150,60,60,60,35,35,30,3,False
288,Vigoroth,Normal,,150,80,80,80,55,55,90,3,False
289,Slaking,Normal,,150,150,160,100,95,65,100,3,False
290,Nincada,Bug,Ground,150,31,45,90,30,30,40,3,False
291,Ninjask,Bug,Flying,150,61,90,45,50,50,160,3,False
292,Shedinja,Bug,Ghost,150,1,90,45,30,30,40,3,False
293,Whismur,Normal,,150,64,51,23,51,23,28,3,False
294,Loudred,Normal,,150,84,71,43,71,43,48,3,False
295,Exploud,Normal,,150,104,91,63,91,73,68,3,False
296,Makuhita,Fighting,,150,72,60,30,20,30,25,3,False
297,Hariyama,Fighting,,150,144,120,60,40,60,50,3,False
298,Azurill,Normal,Fairy,150,50,20,40,20,40,20,3,False
299,Nosepass,Rock,,150,30,45,135,45,90,30,3,False
300,Skitty,Normal,,150,50,45,45,35,35,50,3,False
301,Delcatty,Normal,,150,70,65,65,55,55,90,3,False
302,Sableye,Dark,Ghost,150,50,75,75,65,65,50,3,False
303,Mawile,Steel,Fairy,150,50,85,85,55,55,50,3,False
304,Aron,Steel,Rock,150,50,70,100,40,40,30,3,False
305,Lairon,Steel,Rock,150,60,90,140,50,50,40,3,False
306,Aggron,Steel,Rock,150,70,110,180,60,60,50,3,False
307,Meditite,Fighting,Psychic,150,30,40,55,40,55,60,3,False
308,Medicham,Fighting,Psychic,150,60,60,75,60,75,80,3,False
309,Electrike,Electric,,150,40,45,40,65,40,65,3,False
310,Manectric,Electric,,150,70,75,60,105,60,105,3,False
311,Plusle,Electric,,150,60,50,40,85,75,95,3,False
312,Minun,Electric,,150,60,40,50,75,85,95,3,False
313,Volbeat,Bug,,150,65,73,75,47,85,85,3,False
314,Illumise,Bug,,150,65,47,75,73,85,85,3,False
315,Roselia,Grass,Poison,150,50,60,45,100,80,65,3,False
316,Gulpin,Poison,,150,70,43,53,43,53,40,3,False
317,Swalot,Poison,,150,100,73,83,73,83,55,3,False
318,Carvanha,Water,Dark,150,45,90,20,65,20,65,3,False
319,Sharpedo,Water,Dark,150,70,120,40,95,40,95,3,False
320,Wailmer,Water,,150,130,70,35,70,35,60,3,False
321,Wailord,Water,,150,170,90,45,90,45,60,3,False
322,Numel,Fire,Ground,150,60,60,40,65,45,35,3,False
323,Camerupt,Fire,Ground,150,70,100,70,105,75,40,3,False
324,Torkoal,Fire,,150,70,85,140,85,70,20,3,False
325,Spoink,Psychic,,150,60,25,35,70,80,60,3,False
326,Grumpig,Psychic,,150,80,45,65,90,110,80,3,False
327,Spinda,Normal,,150,60,60,60,60,60,60,3,False
328,Trapinch,Ground,,150,45,100,45,45,45,10,3,False
329,Vibrava,Ground,Dragon,150,50,70,50,50,50,70,3,False
330,Flygon,Ground,Dragon,150,80,100,80,80,80,100,3,False
331,Cacnea,Grass,,150,50,85,40,85,40,35,3,False
332,Cacturne,Grass,Dark,150,70,115,60,115,60,55,3,False
333,Swablu,Normal,Flying,150,45,40,60,40,75,50,3,False
334,Altaria,Dragon,Flying,150,75,70,90,70,105,80,3,False
335,Zangoose,Normal,,150,73,115,60,60,60,90,3,False
336,Seviper,Poison,,150,73,100,60,100,60,65,3,False
337,Lunatone,Rock,Psychic,150,90,55,65,95,85,70,3,False
338,SolRock,Rock,Psychic,150,90,95,85,55,65,70,3,False
339,Barboach,Water,Ground,150,50,48,43,46,41,60,3,False
340,Whiscash,Water,Ground,150,110,78,73,76,71,60,3,False
341,Corphish,Water,,150,43,80,65,50,35,35,3,False
342,Crawdaunt,Water,Dark,150,63,120,85,90,55,55,3,False
343,Baltoy,Ground,Psychic,150,40,40,55,40,70,55,3,False
344,Claydol,Ground,Psychic,150,60,70,105,70,120,75,3,False
345,Lileep,Rock,Grass,150,66,41,77,61,87,23,3,False
346,Cradily,Rock,Grass,150,86,81,97,81,107,43,3,False
347,Anorith,Rock,Bug,150,45,95,50,40,50,75,3,False
348,Armaldo,Rock,Bug,150,75,125,100,70,80,45,3,False
349,Feebas,Water,,150,20,15,20,10,55,80,3,False
350,Milotic,Water,,150,95,60,79,100,125,81,3,False
351,Castform,Normal,,150,70,70,70,70,70,70,3,False
352,Kecleon,Normal,,150,60,90,70,60,120,40,3,False
353,Shuppet,Ghost,,150,44,75,35,63,33,45,3,False
354,Banette,Ghost,,150,64,115,65,83,63,65,3,False
355,Duskull,Ghost,,150,20,40,90,30,90,25,3,False
356,Dusclops,Ghost,,150,40,70,130,60,130,25,3,False
357,Tropius,Grass,Flying,150,99,68,83,72,87,51,3,False
358,Chimecho,Psychic,,150,75,50,80,95,90,65,3,False
359,Absol,Dark,,150,65,130,60,75,60,75,3,False
360,Wynaut,Psychic,,150,95,23,48,23,48,23,3,False
361,Snorunt,Ice,,150,50,50,50,50,50,50,3,False
362,Glalie,Ice,,150,80,80,80,80,80,80,3,False
363,Spheal,Ice,Water,150,70,40,50,55,50,25,3,False
364,Sealeo,Ice,Water,150,90,60,70,75,70,45,3,False
365,Walrein,Ice,Water,150,110,80,90,95,90,65,3,False
366,Clamperl,Water,,150,35,64,85,74,55,32,3,False
367,Huntail,Water,,150,55,104,105,94,75,52,3,False
368,Gorebyss,Water,,150,55,84,105,114,75,52,3,False
369,Relicanth,Water,Rock,150,100,90,130,45,65,55,3,False
370,Luvdisc,Water,,150,43,30,55,40,65,97,3,False
371,Bagon,Dragon,,150,45,75,60,40,30,50,3,False
372,Shelgon,Dragon,,150,65,95,100,60,50,50,3,False
373,Salamence,Dragon,Flying,150,95,135,80,110,80,100,3,False
374,Beldum,Steel,Psychic,150,40,55,80,35,60,30,3,False
375,Metang,Steel,Psychic,150,60,75,100,55,80,50,3,False
376,Metagross,Steel,Psychic,150,80,135,130,95,90,70,3,False
377,RegiRock,Rock,,150,80,100,200,50,100,50,3,True
378,RegIce,Ice,,150,80,50,100,100,200,50,3,True
379,RegiSteel,Steel,,150,80,75,150,75,150,50,3,True
380,Latias,Dragon,Psychic,150,80,80,90,110,130,110,3,True
381,Latios,Dragon,Psychic,150,80,90,80,130,110,110,3,True
382,Kyogre,Water,,150,100,100,90,150,140,90,3,True
383,Groudon,Ground,,150,100,150,140,100,90,90,3,True
384,Rayquaza,Dragon,Flying,150,105,150,90,150,90,95,3,True
385,Jirachi,Steel,Psychic,150,100,100,100,100,100,100,3,False
386,Deoxys-Normal,Psychic,,150,50,150,50,150,50,150,3,False
387,Turtwig,Grass,,150,55,68,64,45,55,31,4,False
388,Grotle,Grass,,150,75,89,85,55,65,36,4,False
389,Torterra,Grass,Ground,150,95,109,105,75,85,56,4,False
390,Chimchar,Fire,,150,44,58,44,58,44,61,4,False
391,Monferno,Fire,Fighting,150,64,78,52,78,52,81,4,False
392,Infernape,Fire,Fighting,150,76,104,71,104,71,108,4,False
393,Piplup,Water,,150,53,51,53,61,56,40,4,False
394,Prinplup,Water,,150,64,66,68,81,76,50,4,False
395,Empoleon,Water,Steel,150,84,86,88,111,101,60,4,False
396,Starly,Normal,Flying,150,40,55,30,30,30,60,4,False
397,Staravia,Normal,Flying,150,55,75,50,40,40,80,4,False
398,Staraptor,Normal,Flying,150,85,120,70,50,60,100,4,False
399,Bidoof,Normal,,150,59,45,40,35,40,31,4,False
400,Bibarel,Normal,Water,150,79,85,60,55,60,71,4,False
401,Kricketot,Bug,,150,37,25,41,25,41,25,4,False
402,Kricketune,Bug,,150,77,85,51,55,51,65,4,False
403,Shinx,Electric,,150,45,65,34,40,34,45,4,False
404,Luxio,Electric,,150,60,85,49,60,49,60,4,False
405,Luxray,Electric,,150,80,120,79,95,79,70,4,False
406,Budew,Grass,Poison,150,40,30,35,50,70,55,4,False
407,Roserade,Grass,Poison,150,60,70,65,125,105,90,4,False
408,Cranidos,Rock,,150,67,125,40,30,30,58,4,False
409,Rampardos,Rock,,150,97,165,60,65,50,58,4,False
410,Shieldon,Rock,Steel,150,30,42,118,42,88,30,4,False
411,Bastiodon,Rock,Steel,150,60,52,168,47,138,30,4,False
412,Burmy,Bug,,150,40,29,45,29,45,36,4,False
413,Wormadam-Plant,Bug,Grass,150,60,59,85,79,105,36,4,False
414,Mothim,Bug,Flying,150,70,94,50,94,50,66,4,False
415,Combee,Bug,Flying,150,30,30,42,30,42,70,4,False
416,Vespiquen,Bug,Flying,150,70,80,102,80,102,40,4,False
417,Pachirisu,Electric,,150,60,45,70,45,90,95,4,False
418,Buizel,Water,,150,55,65,35,60,30,85,4,False
419,Floatzel,Water,,150,85,105,55,85,50,115,4,False
420,Cherubi,Grass,,150,45,35,45,62,53,35,4,False
421,Cherrim,Grass,,150,70,60,70,87,78,85,4,False
422,Shellos,Water,,150,76,48,48,57,62,34,4,False
423,Gastrodon,Water,Ground,150,111,83,68,92,82,39,4,False
424,Ambipom,Normal,,150,75,100,66,60,66,115,4,False
425,Drifloon,Ghost,Flying,150,90,50,34,60,44,70,4,False
426,Drifblim,Ghost,Flying,150,150,80,44,90,54,80,4,False
427,Buneary,Normal,,150,55,66,44,44,56,85,4,False
428,Lopunny,Normal,,150,65,76,84,54,96,105,4,False
429,Mismagius,Ghost,,150,60,60,60,105,105,105,4,False
430,Honchkrow,Dark,Flying,150,100,125,52,105,52,71,4,False
431,Glameow,Normal,,150,49,55,42,42,37,85,4,False
432,Purugly,Normal,,150,71,82,64,64,59,112,4,False
433,Chingling,Psychic,,150,45,30,50,65,50,45,4,False
434,Stunky,Poison,Dark,150,63,63,47,41,41,74,4,False
435,Skuntank,Poison,Dark,150,103,93,67,71,61,84,4,False
436,Bronzor,Steel,Psychic,150,57,24,86,24,86,23,4,False
437,Bronzong,Steel,Psychic,150,67,89,116,79,116,33,4,False
438,Bonsly,Rock,,150,50,80,95,10,45,10,4,False
439,Mime-Jr,Psychic,Fairy,150,20,25,45,70,90,60,4,False
440,Happiny,Normal,,150,100,5,5,15,65,30,4,False
441,Chatot,Normal,Flying,150,76,65,45,92,42,91,4,False
442,Spiritomb,Ghost,Dark,150,50,92,108,92,108,35,4,False
443,Gible,Dragon,Ground,150,58,70,45,40,45,42,4,False
444,Gabite,Dragon,Ground,150,68,90,65,50,55,82,4,False
445,Garchomp,Dragon,Ground,150,108,130,95,80,85,102,4,False
446,Munchlax,Normal,,150,135,85,40,40,85,5,4,False
447,Riolu,Fighting,,150,40,70,40,35,40,60,4,False
448,Lucario,Fighting,Steel,150,70,110,70,115,70,90,4,False
449,Hippopotas,Ground,,150,68,72,78,38,42,32,4,False
450,Hippowdon,Ground,,150,108,112,118,68,72,47,4,False
451,Skorupi,Poison,Bug,150,40,50,90,30,55,65,4,False
452,Drapion,Poison,Dark,150,70,90,110,60,75,95,4,False
453,Croagunk,Poison,Fighting,150,48,61,40,61,40,50,4,False
454,Toxicroak,Poison,Fighting,150,83,106,65,86,65,85,4,False
455,Carnivine,Grass,,150,74,100,72,90,72,46,4,False
456,Finneon,Water,,150,49,49,56,49,61,66,4,False
457,Lumineon,Water,,150,69,69,76,69,86,91,4,False
458,Mantyke,Water,Flying,150,45,20,50,60,120,50,4,False
459,Snover,Grass,Ice,150,60,62,50,62,60,40,4,False
460,Abomasnow,Grass,Ice,150,90,92,75,92,85,60,4,False
461,Weavile,Dark,Ice,150,70,120,65,45,85,125,4,False
462,Magnezone,Electric,Steel,150,70,70,115,130,90,60,4,False
463,Lickilicky,Normal,,150,110,85,95,80,95,50,4,False
464,Rhyperior,Ground,Rock,150,115,140,130,55,55,40,4,False
465,Tangrowth,Grass,,150,100,100,125,110,50,50,4,False
466,Electivire,Electric,,150,75,123,67,95,85,95,4,False
467,Magmortar,Fire,,150,75,95,67,125,95,83,4,False
468,Togekiss,Fairy,Flying,150,85,50,95,120,115,80,4,False
469,Yanmega,Bug,Flying,150,86,76,86,116,56,95,4,False
470,Leafeon,Grass,,150,65,110,130,60,65,95,4,False
471,Glaceon,Ice,,150,65,60,110,130,95,65,4,False
472,Gliscor,Ground,Flying,150,75,95,125,45,75,95,4,False
473,Mamoswine,Ice,Ground,150,110,130,80,70,60,80,4,False
474,Porygon-Z,Normal,,150,85,80,70,135,75,90,4,False
475,Gallade,Psychic,Fighting,150,68,125,65,65,115,80,4,False
476,Probopass,Rock,Steel,150,60,55,145,75,150,40,4,False
477,Dusknoir,Ghost,,150,45,100,135,65,135,45,4,False
478,Froslass,Ice,Ghost,150,70,80,70,80,70,110,4,False
479,Rotom,Electric,Ghost,150,50,50,77,95,77,91,4,False
480,Uxie,Psychic,,150,75,75,130,75,130,95,4,True
481,Mesprit,Psychic,,150,80,105,105,105,105,80,4,True
482,Azelf,Psychic,,150,75,125,70,125,70,115,4,True
483,Dialga,Steel,Dragon,150,100,120,120,150,100,90,4,True
484,Palkia,Water,Dragon,150,90,120,100,150,120,100,4,True
485,Heatran,Fire,Steel,150,91,90,106,130,106,77,4,True
486,Regigigas,Normal,,150,110,160,110,80,110,100,4,True
487,Giratina-Altered,Ghost,Dragon,150,150,100,120,100,120,90,4,True
488,Cresselia,Psychic,,150,120,70,120,75,130,85,4,True
489,Phione,Water,,150,80,80,80,80,80,80,4,False
490,Manaphy,Water,,150,100,100,100,100,100,100,4,False
491,Darkrai,Dark,,150,70,90,90,135,90,125,4,False
492,Shaymin-Land,Grass,,150,100,100,100,100,100,100,4,False
493,Arceus,Normal,,150,120,120,120,120,120,120,4,False
494,Victini,Psychic,Fire,150,100,100,100,100,100,100,5,False
495,Snivy,Grass,,150,45,45,55,45,55,63,5,False
496,Servine,Grass,,150,60,60,75,60,75,83,5,False
497,Serperior,Grass,,150,75,75,95,75,95,113,5,False
498,Tepig,Fire,,150,65,63,45,45,45,45,5,False
499,Pignite,Fire,Fighting,150,90,93,55,70,55,55,5,False
500,Emboar,Fire,Fighting,150,110,123,65,100,65,65,5,False
501,Oshawott,Water,,150,55,55,45,63,45,45,5,False
502,Dewott,Water,,150,75,75,60,83,60,60,5,False
503,Samurott,Water,,150,95,100,85,108,70,70,5,False
504,Patrat,Normal,,150,45,55,39,35,39,42,5,False
505,Watchog,Normal,,150,60,85,69,60,69,77,5,False
506,Lillipup,Normal,,150,45,60,45,25,45,55,5,False
507,Herdier,Normal,,150,65,80,65,35,65,60,5,False
508,Stoutland,Normal,,150,85,110,90,45,90,80,5,False
509,Purrloin,Dark,,150,41,50,37,50,37,66,5,False
510,Liepard,Dark,,150,64,88,50,88,50,106,5,False
511,Pansage,Grass,,150,50,53,48,53,48,64,5,False
512,Simisage,Grass,,150,75,98,63,98,63,101,5,False
513,Pansear,Fire,,150,50,53,48,53,48,64,5,False
514,Simisear,Fire,,150,75,98,63,98,63,101,5,False
515,Panpour,Water,,150,50,53,48,53,48,64,5,False
516,Simipour,Water,,150,75,98,63,98,63,101,5,False
517,Munna,Psychic,,150,76,25,45,67,55,24,5,False
518,Musharna,Psychic,,150,116,55,85,107,95,29,5,False
519,Pidove,Normal,Flying,150,50,55,50,36,30,43,5,False
520,Tranquill,Normal,Flying,150,62,77,62,50,42,65,5,False
521,Unfezant,Normal,Flying,150,80,115,80,65,55,93,5,False
522,Blitzle,Electric,,150,45,60,32,50,32,76,5,False
523,Zebstrika,Electric,,150,75,100,63,80,63,116,5,False
524,Roggenrola,Rock,,150,55,75,85,25,25,15,5,False
525,Boldore,Rock,,150,70,105,105,50,40,20,5,False
526,Gigalith,Rock,,150,85,135,130,60,80,25,5,False
527,Woobat,Psychic,Flying,150,65,45,43,55,43,72,5,False
528,Swoobat,Psychic,Flying,150,67,57,55,77,55,114,5,False
529,Drilbur,Ground,,150,60,85,40,30,45,68,5,False
530,Excadrill,Ground,Steel,150,110,135,60,50,65,88,5,False
531,Audino,Normal,,150,103,60,86,60,86,50,5,False
532,Timburr,Fighting,,150,75,80,55,25,35,35,5,False
533,Gurdurr,Fighting,,150,85,105,85,40,50,40,5,False
534,Conkeldurr,Fighting,,150,105,140,95,55,65,45,5,False
535,Tympole,Water,,150,50,50,40,50,40,64,5,False
536,Palpitoad,Water,Ground,150,75,65,55,65,55,69,5,False
537,Seismitoad,Water,Ground,150,105,95,75,85,75,74,5,False
538,Throh,Fighting,,150,120,100,85,30,85,45,5,False
539,Sawk,Fighting,,150,75,125,75,30,75,85,5,False
540,Sewaddle,Bug,Grass,150,45,53,70,40,60,42,5,False
541,Swadloon,Bug,Grass,150,55,63,90,50,80,42,5,False
542,Leavanny,Bug,Grass,150,75,103,80,70,80,92,5,False
543,Venipede,Bug,Poison,150,30,45,59,30,39,57,5,False
544,Whirlipede,Bug,Poison,150,40,55,99,40,79,47,5,False
545,Scolipede,Bug,Poison,150,60,100,89,55,69,112,5,False
546,Cottonee,Grass,Fairy,150,40,27,60,37,50,66,5,False
547,Whimsicott,Grass,Fairy,150,60,67,85,77,75,116,5,False
548,Petilil,Grass,,150,45,35,50,70,50,30,5,False
549,Lilligant,Grass,,150,70,60,75,110,75,90,5,False
550,Basculin-Red-Striped,Water,,150,70,92,65,80,55,98,5,False
551,Sandile,Ground,Dark,150,50,72,35,35,35,65,5,False
552,Krokorok,Ground,Dark,150,60,82,45,45,45,74,5,False
553,Krookodile,Ground,Dark,150,95,117,80,65,70,92,5,False
554,Darumaka,Fire,,150,70,90,45,15,45,50,5,False
555,Darmanitan-Standard,Fire,,150,105,140,55,30,55,95,5,False
556,Maractus,Grass,,150,75,86,67,106,67,60,5,False
557,Dwebble,Bug,Rock,150,50,65,85,35,35,55,5,False
558,Crustle,Bug,Rock,150,70,105,125,65,75,45,5,False
559,Scraggy,Dark,Fighting,150,50,75,70,35,70,48,5,False
560,Scrafty,Dark,Fighting,150,65,90,115,45,115,58,5,False
561,Sigilyph,Psychic,Flying,150,72,58,80,103,80,97,5,False
562,Yamask,Ghost,,150,38,30,85,55,65,30,5,False
563,Cofagrigus,Ghost,,150,58,50,145,95,105,30,5,False
564,Tirtouga,Water,Rock,150,54,78,103,53,45,22,5,False
565,Carracosta,Water,Rock,150,74,108,133,83,65,32,5,False
566,Archen,Rock,Flying,150,55,112,45,74,45,70,5,False
567,Archeops,Rock,Flying,150,75,140,65,112,65,110,5,False
568,Trubbish,Poison,,150,50,50,62,40,62,65,5,False
569,Garbodor,Poison,,150,80,95,82,60,82,75,5,False
570,Zorua,Dark,,150,40,65,40,80,40,65,5,False
571,Zoroark,Dark,,150,60,105,60,120,60,105,5,False
572,Minccino,Normal,,150,55,50,40,40,40,75,5,False
573,Cinccino,Normal,,150,75,95,60,65,60,115,5,False
574,Gothita,Psychic,,150,45,30,50,55,65,45,5,False
575,Gothorita,Psychic,,150,60,45,70,75,85,55,5,False
576,Gothitelle,Psychic,,150,70,55,95,95,110,65,5,False
577,Solosis,Psychic,,150,45,30,40,105,50,20,5,False
578,Duosion,Psychic,,150,65,40,50,125,60,30,5,False
579,Reuniclus,Psychic,,150,110,65,75,125,85,30,5,False
580,Ducklett,Water,Flying,150,62,44,50,44,50,55,5,False
581,Swanna,Water,Flying,150,75,87,63,87,63,98,5,False
582,Vanillite,Ice,,150,36,50,50,65,60,44,5,False
583,Vanillish,Ice,,150,51,65,65,80,75,59,5,False
584,Vanilluxe,Ice,,150,71,95,85,110,95,79,5,False
585,Deerling,Normal,Grass,150,60,60,50,40,50,75,5,False
586,Sawsbuck,Normal,Grass,150,80,100,70,60,70,95,5,False
587,Emolga,Electric,Flying,150,55,75,60,75,60,103,5,False
588,Karrablast,Bug,,150,50,75,45,40,45,60,5,False
589,Escavalier,Bug,Steel,150,70,135,105,60,105,20,5,False
590,Foongus,Grass,Poison,150,69,55,45,55,55,15,5,False
591,Amoonguss,Grass,Poison,150,114,85,70,85,80,30,5,False
592,Frillish,Water,Ghost,150,55,40,50,65,85,40,5,False
593,JellIcent,Water,Ghost,150,100,60,70,85,105,60,5,False
594,Alomomola,Water,,150,165,75,80,40,45,65,5,False
595,Joltik,Bug,Electric,150,50,47,50,57,50,65,5,False
596,Galvantula,Bug,Electric,150,70,77,60,97,60,108,5,False
597,Ferroseed,Grass,Steel,150,44,50,91,24,86,10,5,False
598,Ferrothorn,Grass,Steel,150,74,94,131,54,116,20,5,False
599,Klink,Steel,,150,40,55,70,45,60,30,5,False
600,Klang,Steel,,150,60,80,95,70,85,50,5,False
601,Klinklang,Steel,,150,60,100,115,70,85,90,5,False
602,Tynamo,Electric,,150,35,55,40,45,40,60,5,False
603,Eelektrik,Electric,,150,65,85,70,75,70,40,5,False
604,Eelektross,Electric,,150,85,115,80,105,80,50,5,False
605,Elgyem,Psychic,,150,55,55,55,85,55,30,5,False
606,Beheeyem,Psychic,,150,75,75,75,125,95,40,5,False
607,Litwick,Ghost,Fire,150,50,30,55,65,55,20,5,False
608,Lampent,Ghost,Fire,150,60,40,60,95,60,55,5,False
609,Chandelure,Ghost,Fire,150,60,55,90,145,90,80,5,False
610,Axew,Dragon,,150,46,87,60,30,40,57,5,False
611,Fraxure,Dragon,,150,66,117,70,40,50,67,5,False
612,Haxorus,Dragon,,150,76,147,90,60,70,97,5,False
613,Cubchoo,Ice,,150,55,70,40,60,40,40,5,False
614,Beartic,Ice,,150,95,130,80,70,80,50,5,False
615,Cryogonal,Ice,,150,80,50,50,95,135,105,5,False
616,Shelmet,Bug,,150,50,40,85,40,65,25,5,False
617,Accelgor,Bug,,150,80,70,40,100,60,145,5,False
618,Stunfisk,Ground,Electric,150,109,66,84,81,99,32,5,False
619,Mienfoo,Fighting,,150,45,85,50,55,50,65,5,False
620,Mienshao,Fighting,,150,65,125,60,95,60,105,5,False
621,Druddigon,Dragon,,150,77,120,90,60,90,48,5,False
622,Golett,Ground,Ghost,150,59,74,50,35,50,35,5,False
623,Golurk,Ground,Ghost,150,89,124,80,55,80,55,5,False
624,Pawniard,Dark,Steel,150,45,85,70,40,40,60,5,False
625,Bisharp,Dark,Steel,150,65,125,100,60,70,70,5,False
626,Bouffalant,Normal,,150,95,110,95,40,95,55,5,False
627,Rufflet,Normal,Flying,150,70,83,50,37,50,60,5,False
628,Braviary,Normal,Flying,150,100,123,75,57,75,80,5,False
629,Vullaby,Dark,Flying,150,70,55,75,45,65,60,5,False
630,Mandibuzz,Dark,Flying,150,110,65,105,55,95,80,5,False
631,Heatmor,Fire,,150,85,97,66,105,66,65,5,False
632,Durant,Bug,Steel,150,58,109,112,48,48,109,5,False
633,Deino,Dark,Dragon,150,52,65,50,45,50,38,5,False
634,Zweilous,Dark,Dragon,150,72,85,70,65,70,58,5,False
635,Hydreigon,Dark,Dragon,150,92,105,90,125,90,98,5,False
636,Larvesta,Bug,Fire,150,55,85,55,50,55,60,5,False
637,Volcarona,Bug,Fire,150,85,60,65,135,105,100,5,False
638,Cobalion,Steel,Fighting,150,91,90,129,90,72,108,5,True
639,Terrakion,Rock,Fighting,150,91,129,90,72,90,108,5,True
640,Virizion,Grass,Fighting,150,91,90,72,90,129,108,5,True
641,Tornadus-Incarnate,Flying,,150,79,115,70,125,80,111,5,True
642,Thundurus-Incarnate,Electric,Flying,150,79,115,70,125,80,111,5,True
643,Reshiram,Dragon,Fire,150,100,120,100,150,120,90,5,True
644,Zekrom,Dragon,Electric,150,100,150,120,120,100,90,5,True
645,Landorus-Incarnate,Ground,Flying,150,89,125,90,115,80,101,5,True
646,Kyurem,Dragon,Ice,150,125,130,90,130,90,95,5,True
647,Keldeo-Ordinary,Water,Fighting,150,91,72,90,129,90,108,5,False
648,Meloetta-Aria,Normal,Psychic,150,100,77,77,128,128,90,5,False
649,Genesect,Bug,Steel,150,71,120,95,120,95,99,5,False
650,Chespin,Grass,,150,56,61,65,48,45,38,6,False
651,Quilladin,Grass,,150,61,78,95,56,58,57,6,False
652,Chesnaught,Grass,Fighting,150,88,107,122,74,75,64,6,False
653,Fennekin,Fire,,150,40,45,40,62,60,60,6,False
654,Braixen,Fire,,150,59,59,58,90,70,73,6,False
655,Delphox,Fire,Psychic,150,75,69,72,114,100,104,6,False
656,Froakie,Water,,150,41,56,40,62,44,71,6,False
657,Frogadier,Water,,150,54,63,52,83,56,97,6,False
658,Greninja,Water,Dark,150,72,95,67,103,71,122,6,False
659,Bunnelby,Normal,,150,38,36,38,32,36,57,6,False
660,Diggersby,Normal,Ground,150,85,56,77,50,77,78,6,False
661,Fletchling,Normal,Flying,150,45,50,43,40,38,62,6,False
662,Fletchinder,Fire,Flying,150,62,73,55,56,52,84,6,False
663,Talonflame,Fire,Flying,150,78,81,71,74,69,126,6,False
664,ScatterBug,Bug,,150,38,35,40,27,25,35,6,False
665,Spewpa,Bug,,150,45,22,60,27,30,29,6,False
666,Vivillon,Bug,Flying,150,80,52,50,90,50,89,6,False
667,Litleo,Fire,Normal,150,62,50,58,73,54,72,6,False
668,Pyroar,Fire,Normal,150,86,68,72,109,66,106,6,False
669,Flabebe,Fairy,,150,44,38,39,61,79,42,6,False
670,Floette,Fairy,,150,54,45,47,75,98,52,6,False
671,Florges,Fairy,,150,78,65,68,112,154,75,6,False
672,Skiddo,Grass,,150,66,65,48,62,57,52,6,False
673,Gogoat,Grass,,150,123,100,62,97,81,68,6,False
674,Pancham,Fighting,,150,67,82,62,46,48,43,6,False
675,Pangoro,Fighting,Dark,150,95,124,78,69,71,58,6,False
676,Furfrou,Normal,,150,75,80,60,65,90,102,6,False
677,Espurr,Psychic,,150,62,48,54,63,60,68,6,False
678,Meowstic-Male,Psychic,,150,74,48,76,83,81,104,6,False
679,Honedge,Steel,Ghost,150,45,80,100,35,37,28,6,False
680,Doublade,Steel,Ghost,150,59,110,150,45,49,35,6,False
681,Aegislash-Shield,Steel,Ghost,150,60,50,140,50,140,60,6,False
682,Spritzee,Fairy,,150,78,52,60,63,65,23,6,False
683,Aromatisse,Fairy,,150,101,72,72,99,89,29,6,False
684,Swirlix,Fairy,,150,62,48,66,59,57,49,6,False
685,Slurpuff,Fairy,,150,82,80,86,85,75,72,6,False
686,Inkay,Dark,Psychic,150,53,54,53,37,46,45,6,False
687,Malamar,Dark,Psychic,150,86,92,88,68,75,73,6,False
688,Binacle,Rock,Water,150,42,52,67,39,56,50,6,False
689,Barbaracle,Rock,Water,150,72,105,115,54,86,68,6,False
690,Skrelp,Poison,Water,150,50,60,60,60,60,30,6,False
691,Dragalge,Poison,Dragon,150,65,75,90,97,123,44,6,False
692,Clauncher,Water,,150,50,53,62,58,63,44,6,False
693,Clawitzer,Water,,150,71,73,88,120,89,59,6,False
694,Helioptile,Electric,Normal,150,44,38,33,61,43,70,6,False
695,Heliolisk,Electric,Normal,150,62,55,52,109,94,109,6,False
696,Tyrunt,Rock,Dragon,150,58,89,77,45,45,48,6,False
697,Tyrantrum,Rock,Dragon,150,82,121,119,69,59,71,6,False
698,Amaura,Rock,Ice,150,77,59,50,67,63,46,6,False
699,Aurorus,Rock,Ice,150,123,77,72,99,92,58,6,False
700,Sylveon,Fairy,,150,95,65,65,110,130,60,6,False
701,Hawlucha,Fighting,Flying,150,78,92,75,74,63,118,6,False
702,Dedenne,Electric,Fairy,150,67,58,57,81,67,101,6,False
703,Carbink,Rock,Fairy,150,50,50,150,50,150,50,6,False
704,Goomy,Dragon,,150,45,50,35,55,75,40,6,False
705,Sliggoo,Dragon,,150,68,75,53,83,113,60,6,False
706,Goodra,Dragon,,150,90,100,70,110,150,80,6,False
707,Klefki,Steel,Fairy,150,57,80,91,80,87,75,6,False
708,Phantump,Ghost,Grass,150,43,70,48,50,60,38,6,False
709,Trevenant,Ghost,Grass,150,85,110,76,65,82,56,6,False
710,Pumpkaboo-Average,Ghost,Grass,150,49,66,70,44,55,51,6,False
711,Gourgeist-Average,Ghost,Grass,150,65,90,122,58,75,84,6,False
712,Bergmite,Ice,,150,55,69,85,32,35,28,6,False
713,Avalugg,Ice,,150,95,117,184,44,46,28,6,False
714,Noibat,Flying,Dragon,150,40,30,35,45,40,55,6,False
715,Noivern,Flying,Dragon,150,85,70,80,97,80,123,6,False
716,Xerneas,Fairy,,150,126,131,95,131,98,99,6,True
717,Yveltal,Dark,Flying,150,126,131,95,131,98,99,6,True
718,Zygarde-50,Dragon,Ground,150,108,100,121,81,95,95,6,True
719,Diancie,Rock,Fairy,150,50,100,150,100,150,50,6,False
720,Hoopa,Psychic,Ghost,150,80,110,60,150,130,70,6,False
721,Volcanion,Fire,Water,150,80,110,120,130,90,70,6,False
722,Rowlet,Grass,Flying,150,68,55,55,50,50,42,7,False
723,Dartrix,Grass,Flying,150,78,75,75,70,70,52,7,False
724,Decidueye,Grass,Ghost,150,78,107,75,100,100,70,7,False
725,Litten,Fire,,150,45,65,40,60,40,70,7,False
726,Torracat,Fire,,150,65,85,50,80,50,90,7,False
727,Incineroar,Fire,Dark,150,95,115,90,80,90,60,7,False
728,Popplio,Water,,150,50,54,54,66,56,40,7,False
729,Brionne,Water,,150,60,69,69,91,81,50,7,False
730,Primarina,Water,Fairy,150,80,74,74,126,116,60,7,False
731,Pikipek,Normal,Flying,150,35,75,30,30,30,65,7,False
732,Trumbeak,Normal,Flying,150,55,85,50,40,50,75,7,False
733,Toucannon,Normal,Flying,150,80,120,75,75,75,60,7,False
734,Yungoos,Normal,,150,48,70,30,30,30,45,7,False
735,Gumshoos,Normal,,150,88,110,60,55,60,45,7,False
736,Grubbin,Bug,,150,47,62,45,55,45,46,7,False
737,CharjaBug,Bug,Electric,150,57,82,95,55,75,36,7,False
738,Vikavolt,Bug,Electric,150,77,70,90,145,75,43,7,False
739,Crabrawler,Fighting,,150,47,82,57,42,47,63,7,False
740,Crabominable,Fighting,Ice,150,97,132,77,62,67,43,7,False
741,Oricorio-Baile,Fire,Flying,150,75,70,70,98,70,93,7,False
742,Cutiefly,Bug,Fairy,150,40,45,40,55,40,84,7,False
743,Ribombee,Bug,Fairy,150,60,55,60,95,70,124,7,False
744,Rockruff,Rock,,150,45,65,40,30,40,60,7,False
745,Lycanroc-Midday,Rock,,150,75,115,65,55,65,112,7,False
746,Wishiwashi-Solo,Water,,150,45,20,20,25,25,40,7,False
747,Mareanie,Poison,Water,150,50,53,62,43,52,45,7,False
748,Toxapex,Poison,Water,150,50,63,152,53,142,35,7,False
749,Mudbray,Ground,,150,70,100,70,45,55,45,7,False
750,Mudsdale,Ground,,150,100,125,100,55,85,35,7,False
751,Dewpider,Water,Bug,150,38,40,52,40,72,27,7,False
752,Araquanid,Water,Bug,150,68,70,92,50,132,42,7,False
753,Fomantis,Grass,,150,40,55,35,50,35,35,7,False
754,Lurantis,Grass,,150,70,105,90,80,90,45,7,False
755,Morelull,Grass,Fairy,150,40,35,55,65,75,15,7,False
756,Shiinotic,Grass,Fairy,150,60,45,80,90,100,30,7,False
757,Salandit,Poison,Fire,150,48,44,40,71,40,77,7,False
758,Salazzle,Poison,Fire,150,68,64,60,111,60,117,7,False
759,Stufful,Normal,Fighting,150,70,75,50,45,50,50,7,False
760,Bewear,Normal,Fighting,150,120,125,80,55,60,60,7,False
761,Bounsweet,Grass,,150,42,30,38,30,38,32,7,False
762,Steenee,Grass,,150,52,40,48,40,48,62,7,False
763,Tsareena,Grass,,150,72,120,98,50,98,72,7,False
764,Comfey,Fairy,,150,51,52,90,82,110,100,7,False
765,Oranguru,Normal,Psychic,150,90,60,80,90,110,60,7,False
766,Passimian,Fighting,,150,100,120,90,40,60,80,7,False
767,Wimpod,Bug,Water,150,25,35,40,20,30,80,7,False
768,Golisopod,Bug,Water,150,75,125,140,60,90,40,7,False
769,Sandygast,Ghost,Ground,150,55,55,80,70,45,15,7,False
770,Palossand,Ghost,Ground,150,85,75,110,100,75,35,7,False
771,Pyukumuku,Water,,150,55,60,130,30,130,5,7,False
772,Type-Null,Normal,,150,95,95,95,95,95,59,7,False
773,Silvally,Normal,,150,95,95,95,95,95,95,7,True
774,Minior-Red-Meteor,Rock,Flying,150,60,60,100,60,100,60,7,False
775,Komala,Normal,,150,65,115,65,75,95,65,7,False
776,Turtonator,Fire,Dragon,150,60,78,135,91,85,36,7,False
777,Togedemaru,Electric,Steel,150,65,98,63,40,73,96,7,False
778,Mimikyu-Disguised,Ghost,Fairy,150,55,90,80,50,105,96,7,False
779,Bruxish,Water,Psychic,150,68,105,70,70,70,92,7,False
780,Drampa,Normal,Dragon,150,78,60,85,135,91,36,7,False
781,Dhelmise,Ghost,Grass,150,70,131,100,86,90,40,7,False
782,Jangmo-O,Dragon,,150,45,55,65,45,45,45,7,False
783,Hakamo-O,Dragon,Fighting,150,55,75,90,65,70,65,7,False
784,Kommo-O,Dragon,Fighting,150,75,110,125,100,105,85,7,False
785,Tapu-Koko,Electric,Fairy,150,70,115,85,95,75,130,7,True
786,Tapu-Lele,Psychic,Fairy,150,70,85,75,130,115,95,7,True
787,Tapu-Bulu,Grass,Fairy,150,70,130,115,85,95,75,7,True
788,Tapu-Fini,Water,Fairy,150,70,75,115,95,130,85,7,True
789,Cosmog,Psychic,,150,43,29,31,29,31,37,7,True
790,Cosmoem,Psychic,,150,43,29,131,29,131,37,7,True
791,Solgaleo,Psychic,Steel,150,137,137,107,113,89,97,7,True
792,Lunala,Psychic,Ghost,150,137,113,89,137,107,97,7,True
793,Nihilego,Rock,Poison,150,109,53,47,127,131,103,7,False
794,Buzzwole,Bug,Fighting,150,107,139,139,53,53,79,7,False
795,Pheromosa,Bug,Fighting,150,71,137,37,137,37,151,7,False
796,Xurkitree,Electric,,150,83,89,71,173,71,83,7,False
797,CeleSteela,Steel,Flying,150,97,101,103,107,101,61,7,False
798,Kartana,Grass,Steel,150,59,181,131,59,31,109,7,False
799,Guzzlord,Dark,Dragon,150,223,101,53,97,53,43,7,False
800,Necrozma,Psychic,,150,97,107,101,127,89,79,7,True
801,Magearna,Steel,Fairy,150,80,95,115,130,115,65,7,False
802,Marshadow,Fighting,Ghost,150,90,125,80,90,90,125,7,False
803,Poipole,Poison,,150,67,73,67,73,67,73,7,False
804,Naganadel,Poison,Dragon,150,73,73,73,127,73,121,7,False
805,Stakataka,Rock,Steel,150,61,131,211,53,101,13,7,False
806,Blacephalon,Fire,Ghost,150,53,127,53,151,79,107,7,False
807,Zeraora,Electric,,150,88,112,75,102,80,143,7,False
808,Meltan,Steel,,150,46,65,65,55,35,34,7,False
809,Melmetal,Steel,,150,135,143,143,80,65,34,7,False
810,Grookey,Grass,,150,50,65,50,40,40,65,8,False
811,Thwackey,Grass,,150,70,85,70,55,60,80,8,False
812,Rillaboom,Grass,,150,100,125,90,60,70,85,8,False
813,Scorbunny,Fire,,150,50,71,40,40,40,69,8,False
814,Raboot,Fire,,150,65,86,60,55,60,94,8,False
815,Cinderace,Fire,,150,80,116,75,65,75,119,8,False
816,Sobble,Water,,150,50,40,40,70,40,70,8,False
817,Drizzile,Water,,150,65,60,55,95,55,90,8,False
818,Inteleon,Water,,150,70,85,65,125,65,120,8,False
819,Skwovet,Normal,,150,70,55,55,35,35,25,8,False
820,Greedent,Normal,,150,120,95,95,55,75,20,8,False
821,Rookidee,Flying,,150,38,47,35,33,35,57,8,False
822,Corvisquire,Flying,,150,68,67,55,43,55,77,8,False
823,Corviknight,Flying,Steel,150,98,87,105,53,85,67,8,False
824,BlipBug,Bug,,150,25,20,20,25,45,45,8,False
825,Dottler,Bug,Psychic,150,50,35,80,50,90,30,8,False
826,Orbeetle,Bug,Psychic,150,60,45,110,80,120,90,8,False
827,Nickit,Dark,,150,40,28,28,47,52,50,8,False
828,Thievul,Dark,,150,70,58,58,87,92,90,8,False
829,Gossifleur,Grass,,150,40,40,60,40,60,10,8,False
830,Eldegoss,Grass,,150,60,50,90,80,120,60,8,False
831,Wooloo,Normal,,150,42,40,55,40,45,48,8,False
832,Dubwool,Normal,,150,72,80,100,60,90,88,8,False
833,Chewtle,Water,,150,50,64,50,38,38,44,8,False
834,Drednaw,Water,Rock,150,90,115,90,48,68,74,8,False
835,Yamper,Electric,,150,59,45,50,40,50,26,8,False
836,Boltund,Electric,,150,69,90,60,90,60,121,8,False
837,Rolycoly,Rock,,150,30,40,50,40,50,30,8,False
838,Carkol,Rock,Fire,150,80,60,90,60,70,50,8,False
839,Coalossal,Rock,Fire,150,110,80,120,80,90,30,8,False
840,Applin,Grass,Dragon,150,40,40,80,40,40,20,8,False
841,Flapple,Grass,Dragon,150,70,110,80,95,60,70,8,False
842,Appletun,Grass,Dragon,150,110,85,80,100,80,30,8,False
843,Silicobra,Ground,,150,52,57,75,35,50,46,8,False
844,Sandaconda,Ground,,150,72,107,125,65,70,71,8,False
845,Cramorant,Flying,Water,150,70,85,55,85,95,85,8,False
846,Arrokuda,Water,,150,41,63,40,40,30,66,8,False
847,Barraskewda,Water,,150,61,123,60,60,50,136,8,False
848,Toxel,Electric,Poison,150,40,38,35,54,35,40,8,False
849,Toxtricity-Amped,Electric,Poison,150,75,98,70,114,70,75,8,False
850,Sizzlipede,Fire,Bug,150,50,65,45,50,50,45,8,False
851,Centiskorch,Fire,Bug,150,100,115,65,90,90,65,8,False
852,Clobbopus,Fighting,,150,50,68,60,50,50,32,8,False
853,Grapploct,Fighting,,150,80,118,90,70,80,42,8,False
854,Sinistea,Ghost,,150,40,45,45,74,54,50,8,False
855,Polteageist,Ghost,,150,60,65,65,134,114,70,8,False
856,Hatenna,Psychic,,150,42,30,45,56,53,39,8,False
857,Hattrem,Psychic,,150,57,40,65,86,73,49,8,False
858,Hatterene,Psychic,Fairy,150,57,90,95,136,103,29,8,False
859,Impidimp,Dark,Fairy,150,45,45,30,55,40,50,8,False
860,Morgrem,Dark,Fairy,150,65,60,45,75,55,70,8,False
861,Grimmsnarl,Dark,Fairy,150,95,120,65,95,75,60,8,False
862,Obstagoon,Dark,Normal,150,93,90,101,60,81,95,8,False
863,Perrserker,Steel,,150,70,110,100,50,60,50,8,False
864,Cursola,Ghost,,150,60,95,50,145,130,30,8,False
865,Sirfetchd,Fighting,,150,62,135,95,68,82,65,8,False
866,Mr-Rime,Ice,Psychic,150,80,85,75,110,100,70,8,False
867,Runerigus,Ground,Ghost,150,58,95,145,50,105,30,8,False
868,Milcery,Fairy,,150,45,40,40,50,61,34,8,False
869,Alcremie,Fairy,,150,65,60,75,110,121,64,8,False
870,Falinks,Fighting,,150,65,100,100,70,60,75,8,False
871,Pincurchin,Electric,,150,48,101,95,91,85,15,8,False
872,Snom,Ice,Bug,150,30,25,35,45,30,20,8,False
873,Frosmoth,Ice,Bug,150,70,65,60,125,90,65,8,False
874,Stonjourner,Rock,,150,100,125,135,20,20,70,8,False
875,Eiscue-Ice,Ice,,150,75,80,110,65,90,50,8,False
876,Indeedee-Male,Psychic,Normal,150,60,65,55,105,95,95,8,False
877,Morpeko-Full-Belly,Electric,Dark,150,58,95,58,70,58,97,8,False
878,Cufant,Steel,,150,72,80,49,40,49,40,8,False
879,Copperajah,Steel,,150,122,130,69,80,69,30,8,False
880,Dracozolt,Electric,Dragon,150,90,100,90,80,70,75,8,False
881,Arctozolt,Electric,Ice,150,90,100,90,90,80,55,8,False
882,Dracovish,Water,Dragon,150,90,90,100,70,80,75,8,False
883,Arctovish,Water,Ice,150,90,90,100,80,90,55,8,False
884,Duraludon,Steel,Dragon,150,70,95,115,120,50,85,8,False
885,Dreepy,Dragon,Ghost,150,28,60,30,40,30,82,8,False
886,Drakloak,Dragon,Ghost,150,68,80,50,60,50,102,8,False
887,Dragapult,Dragon,Ghost,150,88,120,75,100,75,142,8,False
888,Zacian,Fairy,,150,92,130,115,80,115,138,8,True
889,Zamazenta,Fighting,,150,92,130,115,80,115,138,8,True
890,Eternatus,Poison,Dragon,150,140,85,95,145,95,130,8,True
891,Kubfu,Fighting,,150,60,90,60,53,50,72,8,True
892,Urshifu-Single-Strike,Fighting,Dark,150,100,130,100,63,60,97,8,True
893,Zarude,Dark,Grass,150,105,120,105,70,95,105,8,False
894,Regieleki,Electric,,150,80,100,50,100,50,200,8,True
895,Regidrago,Dragon,,150,200,100,50,100,50,80,8,True
896,Glastrier,Ice,,150,100,145,130,65,110,30,8,True
897,Spectrier,Ghost,,150,100,65,60,145,80,130,8,True
898,Calyrex,Psychic,Grass,150,100,80,80,80,80,80,8,True
899,Wyrdeer,Normal,Psychic,150,103,105,72,105,75,65,8,False
900,Kleavor,Bug,Rock,150,70,135,95,45,70,85,8,False
901,Ursaluna,Ground,Normal,150,130,140,105,45,80,50,8,False
902,Basculegion-Male,Water,Ghost,150,120,112,65,80,75,78,8,False
903,Sneasler,Fighting,Poison,150,80,130,60,40,80,120,8,False
904,Overqwil,Dark,Poison,150,85,115,95,65,65,85,8,False
905,Enamorus-Incarnate,Fairy,Flying,150,74,115,70,135,80,106,8,True